Vitae Nibh Donec Institute|Aphrodite Mcintyre|796-7546 Placerat Street|Bolano|5164088805
Nulla Vulputate Dui Institute|Cameron Anderson|7848 Dolor St.|Puntarenas|6817277036
Ipsum Limited|Dane Kramer|P.O. Box 142, 7226 Metus Rd.|Poggiorsini|2948832000
Sit Amet Inc.|Steel Barrera|P.O. Box 647, 6025 Nunc Rd.|Wanganui|2403726263
Eget Lacus Mauris Incorporated|Talon Gillespie|P.O. Box 153, 3131 Purus St.|Sainte-Ode|2672887055
Eu Ligula Aenean Corporation|Warren Lott|Ap #804-2129 Metus. Av.|San Lorenzo Nuovo|7554673248
Tellus Institute|Elijah Wagner|8114 Gravida. Avenue|Truro|5721578092
Urna Corporation|Melanie Cash|268-7818 Pellentesque Ave|Castel Giorgio|4568468669
Purus Accumsan Interdum Incorporated|Timothy Johns|9697 Ultricies Rd.|Londrina|4499005044
A Inc.|Magee Padilla|Ap #543-6719 Metus. Avenue|Schellebelle|4958575979
Massa Non Corporation|Lev Avila|578-9960 Nulla Rd.|Noida|5493280866
Neque Nullam Ut LLP|Ulric Travis|P.O. Box 770, 6710 Posuere, St.|Sant'Agata Bolognese|3534820328
Donec Nibh Inc.|Medge Doyle|P.O. Box 868, 4822 Nulla Av.|Sambuca Pistoiese|1629601397
Egestas Consulting|Valentine Johnson|618-3265 Fringilla St.|Blairgowrie|9301214212
Integer Mollis Integer Industries|Gabriel Fleming|Ap #199-2826 Aliquet, St.|Aguacaliente (San Francisco)|4357871632
Proin Corp.|Gemma Schultz|950-5686 Sociis Av.|Leominster|6037677407
Dolor Institute|Nicholas Walker|Ap #575-1224 Sit Rd.|Borghetto di Vara|7123017241
Sem Consulting|Ingrid Dotson|1233 Purus Ave|Sint-Ulriks-Kapelle|5311050212
Curabitur Egestas Associates|Piper Cox|P.O. Box 870, 3561 Tristique Rd.|Riksingen|5884822158
Luctus Et Corp.|Imani Slater|2611 Nonummy Rd.|Ponsacco|8263541890
Sapien Cursus In LLP|Casey Hughes|791-9956 Arcu. St.|Sevilla|2436317278
Aenean Egestas Ltd|Nelle Reilly|P.O. Box 651, 6682 Pede Av.|Roselies|8741410259
Eu Tellus Phasellus LLP|Anthony Maxwell|5532 Netus Av.|Fleurus|3546586164
Mus Aenean Company|Dennis Webster|Ap #769-423 Dictum Av.|Pontboset|2298840301
A Ltd|Dolan Lee|P.O. Box 775, 3357 Sagittis Ave|Filey|7238220365
Lorem Vitae Odio LLC|Dana Fisher|8930 Libero St.|Drumheller|1599736228
Interdum Feugiat Limited|Colorado Hudson|Ap #464-1233 Rutrum St.|Montpellier|3146070064
Pede Cras Vulputate Ltd|MacKensie Reyes|6031 Felis Street|Chennai|8982593640
Non Limited|Macey Mclean|2943 Dui St.|Saint-Rhémy-en-Bosses|2808574949
Pretium Aliquet Metus PC|Francesca Riggs|P.O. Box 949, 8067 Nec St.|Steendorp|5509870717
Vehicula Et Rutrum Foundation|Sean Washington|Ap #284-8347 Est Ave|Marke|9939769962
Ut Corp.|Allen Calhoun|7561 Pellentesque Road|Bielefeld|9249801662
Convallis Associates|Eve Jackson|5735 Mi St.|Carson City|1213061051
Mollis Duis Industries|Irene Neal|Ap #680-9989 Congue Rd.|Roxboro|7502388430
Magna Duis Dignissim Industries|Mannix Yang|8577 Vel, St.|Sint-Pieters-Woluwe|7672754570
Mauris Quis Company|Germane Sears|284-667 Duis St.|Betim|3671127152
Tincidunt PC|Uriel Hebert|P.O. Box 110, 9579 Suspendisse Rd.|Juneau|8697409966
Eget Venenatis A Associates|Isadora Terry|989-8725 In Street|Impe|4386709297
Phasellus Dapibus Quam Foundation|Nayda Lindsey|361-4180 Vitae Rd.|Porpetto|4151553123
Ligula Nullam Inc.|Sage Mcconnell|Ap #129-7903 Augue Rd.|Wismar|6108818543
Ullamcorper Eu Corporation|Joshua Salas|563-2302 Ipsum. Rd.|Virginia Beach|6253423633
Neque Nullam Nisl LLC|Sybill Nguyen|Ap #415-6404 Duis Street|Ancud|4527425331
Sit Amet Risus Limited|Blake Guthrie|911-2802 Dignissim St.|Borsbeek|1465268806
Nibh Sit Amet Incorporated|Larissa Burt|434-5648 Nulla Rd.|Houtvenne|9999758868
Magna Lorem Ipsum Company|Josiah Kirkland|885-9453 Tempus, Av.|Crecchio|8256110351
Netus Corp.|Quyn Banks|1722 Orci, Street|Saint-Sébastien-sur-Loire|2581910956
Aliquam Nec Enim Ltd|Lee Malone|898-1682 Dolor Road|Wieze|5346611446
Erat LLC|Yuri Cherry|266-5436 Malesuada. Ave|Itabuna|8489986940
Donec Limited|Prescott Vance|397-7345 Aliquam Road|Neumünster|9154301704
Posuere Enim Nisl Institute|Stacy Sears|9088 Massa St.|Onoz|7179769804
Dui In Ltd|Craig Orr|P.O. Box 605, 7555 Nisi. Ave|Certaldo|1058926051
Ligula Donec Luctus PC|Ingrid Dale|Ap #936-269 Hendrerit Rd.|Tocopilla|6436424062
Sed Dictum Proin Corporation|Simone Boyle|7456 Cras Rd.|Montignoso|9929137992
Suspendisse Ac Metus Institute|Calvin Bean|Ap #818-1853 Facilisis St.|Dabgram|6333154597
Metus Corp.|Kitra Whitley|671-6994 Luctus St.|Brunn am Gebirge|1587757963
Non Lacinia Inc.|Perry Vaughn|9719 Placerat Ave|St. Petersburg|1738708400
Fringilla Est Mauris Foundation|Cooper Richardson|Ap #914-7699 Cras Street|Cabildo|5213774913
Non Incorporated|Warren Blackwell|Ap #301-2129 Enim, St.|Zaria|5035363369
Lorem Luctus Foundation|Joshua Daugherty|633-1686 Non St.|Bragança|9232040022
Dictum Inc.|Yeo Ballard|5457 Molestie Rd.|Castelluccio Valmaggiore|6427352732
Magna Sed Inc.|Beck Padilla|P.O. Box 598, 9436 Mauris Avenue|Hattersheim am Main|1667804918
Libero Est Congue Limited|Jacob Holland|Ap #938-4292 Non Ave|Goiânia|9441954415
Justo Proin Non Company|Guinevere Burton|P.O. Box 369, 3457 Ante. St.|Dabgram|2806215313
Elit Incorporated|Lev Macdonald|6510 Turpis Ave|Köthen|7809022444
Tellus Faucibus Leo Limited|Cadman Kane|5382 Ridiculus Street|Naperville|2559202418
Sit Amet Dapibus Associates|Pascale Wall|P.O. Box 332, 6316 Auctor Ave|Vergemoli|6216200798
Venenatis Incorporated|Sloane Fulton|908-7702 Nec Road|Nieuwerkerken|3928025427
Aliquet Company|Melanie Potter|Ap #659-375 Litora Road|Capestrano|8505746538
Nascetur Institute|Wesley Castaneda|Ap #870-8822 Id, St.|Pemuco|1173355758
Lectus Justo Eu PC|Kamal Ramirez|P.O. Box 110, 8852 Pharetra. St.|Porirua|8473167253
Nec Diam Duis PC|Madison Brown|1722 Maecenas Av.|Oakham|3452881741
Mauris Associates|Aubrey Long|P.O. Box 515, 9656 Risus Road|Montgomery|5595344056
Ac Orci Ut Ltd|Dara Francis|3794 Tempor Street|Ghlin|1913710345
Amet Corporation|Blake Soto|Ap #371-877 Risus. Rd.|Gallodoro|8769842108
Dolor Dolor Institute|Ian Glover|706-7536 Et Rd.|Gudivada|9952519379
Magna A Neque Limited|Tarik Wise|6993 Convallis Av.|Gresham|4221072310
Sodales Elit Erat Foundation|Jolene Barnett|6358 Faucibus Avenue|San Antonio|8893594716
Et Lacinia Vitae Industries|Jason Horne|Ap #253-6970 Cum Road|Bon Accord|1922078675
Rutrum Non Hendrerit Consulting|Ross Villarreal|881-6846 Non Rd.|Bonavista|9601016879
Eu Industries|Lael Brady|P.O. Box 717, 8003 Rhoncus. St.|Dolceacqua|6736343804
Suspendisse Tristique Institute|Faith Booth|P.O. Box 987, 6511 Dolor. Avenue|Smoky Lake|1215425958
Non Enim Commodo Ltd|Vaughan Tran|9081 Nec St.|Upplands Väsby|2983552760
Lectus A Ltd|Belle Frye|150-5048 Magna Avenue|Glastonbury|9926762053
Urna Nec Institute|Valentine Hobbs|4948 Volutpat Road|Heredia|4809201317
Suspendisse Consulting|Blossom Castro|P.O. Box 212, 5596 Et Road|Lota|7861425439
Ultricies Corp.|Zelenia Hendrix|2753 Nisi Av.|Ransart|4765142165
Proin Velit Sed Industries|Xena Kirby|P.O. Box 412, 2089 Magna. Rd.|Gespeg|8183910131
Nulla Ante Iaculis Foundation|Benjamin Hoffman|940-1968 Consectetuer Street|Voitsberg|1523634747
Nec Urna Foundation|Fulton Velazquez|Ap #494-1833 Neque Avenue|Liernu|1354747185
Dolor LLC|Winter Rollins|Ap #297-8384 Dictum St.|Gavorrano|4695146242
Mauris Eu Elit LLC|Calista Combs|3921 Nulla Avenue|Crato|9533551986
Amet Consectetuer Foundation|Edward Clements|P.O. Box 771, 788 Tincidunt St.|Bothey|9357275143
Libero Lacus Varius Company|Debra Haney|Ap #818-9144 Faucibus St.|Périgueux|7582152141
Orci Inc.|Jenette Stephenson|Ap #439-1655 Imperdiet St.|Belvedere Ostrense|3389338551
Malesuada LLP|Cleo Mosley|715 Mi St.|Bayreuth|1097677758
Risus Nulla Eget LLC|Hakeem Morrison|632-6316 Sem, Road|Alanya|6701011345
Dolor Quam Elementum Consulting|Florence Walsh|Ap #754-7969 Sit St.|Rockville|1695278239
Eleifend Egestas Inc.|Hollee Stokes|Ap #357-9486 Donec Avenue|Laramie|3654093237
Sed Eu LLC|Britanney Schwartz|830-3108 Nulla Av.|Coquitlam|9067864393
Cursus Limited|Brock Ramos|8859 Lectus Avenue|Neustadt am Rübenberge|9172061815